Node,Demand (m^3)
v_0,0
v_1,9.9896
v_2,3.1035
v_3,11.706
v_4,2.8667
v_5,3.0061
v_6,8.0353
v_7,4.6618
v_8,8.0986
v_9,8.5557
v_10,3.9625
v_11,2.7735
v_12,5.968
v_13,9.5811
v_14,6.5259
v_15,5.1752
v_16,3.0592
v_17,7.1656
v_18,7.2504
v_19,11.326
v_20,9.6733
v_21,10.523
v_22,4.2417
v_23,10.416
v_24,8.4012
v_25,10.006
v_26,4.2771
v_27,2.1818
v_28,2.4182
v_29,9.6683
v_30,7.8353
v_31,10.865
v_32,10.432
v_33,6.7749
v_34,6.8976
v_35,4.1015
v_36,10.116
v_37,11.36
v_38,11.791
v_39,5.2775
v_40,8.2457
v_41,9.3105
v_42,5.5314
v_43,8.2028
v_44,4.5785
v_45,5.4237
v_46,9.2017
v_47,9.1568
v_48,3.3872
v_49,11.394
v_50,7.7676
v_51,7.9318
v_52,10.11
v_53,9.8442
v_54,9.6259
v_55,10.962
v_56,9.138
v_57,4.4623
v_58,9.2235
v_59,7.399
v_60,5.3068
v_61,10.186
v_62,7.3189
v_63,7.567
v_64,9.7555
v_65,6.5938
v_66,7.7162
v_67,8.1739
v_68,9.6668
v_69,2.8296
v_70,10.397
v_71,6.4385
v_72,6.294
v_73,5.9388
v_74,11.011
v_75,2.2611
v_76,4.1811
v_77,11.091
v_78,5.3653
v_79,3.5416
v_80,8.9962
v_81,8.4553
v_82,4.5679
v_83,11.715
v_84,3.1612
v_85,5.9067
v_86,7.7326
v_87,11.711
v_88,2.9035
v_89,11.884
v_90,9.8903
v_91,5.1186
v_92,2.6103
v_93,5.181
v_94,2.5386
v_95,8.5012
v_96,9.8115
v_97,7.9099
v_98,6.9795
v_99,5.9629
v_100,5.0435
v_101,3.4251
v_102,10.803
v_103,9.8485
v_104,9.3496
v_105,11.15
v_106,9.8045
v_107,11.636
v_108,3.6157
v_109,10.03
v_110,7.4813
v_111,11.79
v_112,6.1863
v_113,9.424
v_114,10.549
v_115,5.2415
v_116,4.3412
v_117,10.103
v_118,11.805
v_119,2.0034
v_120,10.323
v_121,3.2554
v_122,3.296
v_123,7.022
v_124,11.621
v_125,7.7346
v_126,8.1474
v_127,3.0507
v_128,6.293
v_129,7.2159
